{
	"credit": "Made with Blockbench",
	"textures": {
		"0": "keyboard:item/keyboard/base",
		"particle": "keyboard:item/keyboard/base"
	},
	"elements": [
		{
			"from": [1, 0, 4],
			"to": [15, 1, 12],
			"rotation": {"angle": 0, "axis": "y", "origin": [7.75, 0.75, 8]},
			"faces": {
				"north": {"uv": [7, 0, 14, 0.5], "texture": "#0"},
				"east": {"uv": [2, 8, 6, 8.5], "texture": "#0"},
				"south": {"uv": [7, 0.5, 14, 1], "texture": "#0"},
				"west": {"uv": [6, 8, 10, 8.5], "texture": "#0"},
				"up": {"uv": [7, 4, 0, 0], "texture": "#0"},
				"down": {"uv": [7, 4, 0, 8], "texture": "#0"}
			}
		}
	],
	"gui_light": "front",
	"display": {
		"thirdperson_righthand": {
			"rotation": [67.75, 0, 0],
			"translation": [0, 6.25, 6.75]
		},
		"thirdperson_lefthand": {
			"rotation": [67.75, 0, 0],
			"translation": [0, 6.25, 6.75]
		},
		"firstperson_righthand": {
			"rotation": [33, -15, 10],
			"translation": [-5, 9, 1]
		},
		"firstperson_lefthand": {
			"rotation": [33, -15, 10],
			"translation": [-5, 9, 1]
		},
		"ground": {
			"translation": [0, 4.25, 0]
		},
		"gui": {
			"rotation": [54.65, -20.59, 10.27],
			"translation": [-1.5, 4, 0]
		},
		"fixed": {
			"rotation": [90, 0, -180],
			"translation": [0, 0, -7.25]
		}
	},
	"groups": [
		{
			"name": "group",
			"origin": [7.75, 0.75, 8],
			"color": 0,
			"children": [
				{
					"name": "space",
					"origin": [7.75, 0.75, 8],
					"color": 0,
					"children": []
				},
				{
					"name": "ctrl",
					"origin": [7.75, 0.75, 8],
					"color": 0,
					"children": []
				},
				{
					"name": "shift",
					"origin": [7.75, 0.75, 8],
					"color": 0,
					"children": []
				},
				{
					"name": "a",
					"origin": [7.75, 0.75, 8],
					"color": 0,
					"children": []
				},
				{
					"name": "d",
					"origin": [7.75, 0.75, 8],
					"color": 0,
					"children": []
				},
				{
					"name": "s",
					"origin": [7.75, 0.75, 8],
					"color": 0,
					"children": []
				},
				{
					"name": "w",
					"origin": [7.75, 0.75, 8],
					"color": 0,
					"children": []
				}
			]
		},
		{
			"name": "keyboard",
			"origin": [7.75, 0.75, 8],
			"color": 0,
			"children": [0]
		}
	]
}