{
  "model": {
    "type": "minecraft:composite",
    "models": [
      {
        "type": "minecraft:model",
        "model": "keyboard:item/keyboard/board"
      },
      {
        "type": "minecraft:condition",
        "property": "minecraft:keybind_down",
        "keybind": "key.right",
        "on_true": {
          "type": "minecraft:model",
          "model": "keyboard:item/keyboard/pressed_key/d"
        },
        "on_false": {
          "type": "minecraft:model",
          "model": "keyboard:item/keyboard/default_key/d"  
        }
      },
      {
        "type": "minecraft:condition",
        "property": "minecraft:keybind_down",
        "keybind": "key.left",
        "on_true": {
          "type": "minecraft:model",
          "model": "keyboard:item/keyboard/pressed_key/a"
        },
        "on_false": {
          "type": "minecraft:model",
          "model": "keyboard:item/keyboard/default_key/a"  
        }
      },
      {
        "type": "minecraft:condition",
        "property": "minecraft:keybind_down",
        "keybind": "key.back",
        "on_true": {
          "type": "minecraft:model",
          "model": "keyboard:item/keyboard/pressed_key/s"
        },
        "on_false": {
          "type": "minecraft:model",
          "model": "keyboard:item/keyboard/default_key/s"  
        }
      },
      {
        "type": "minecraft:condition",
        "property": "minecraft:keybind_down",
        "keybind": "key.forward",
        "on_true": {
          "type": "minecraft:model",
          "model": "keyboard:item/keyboard/pressed_key/w"
        },
        "on_false": {
          "type": "minecraft:model",
          "model": "keyboard:item/keyboard/default_key/w"  
        }
      },
      {
        "type": "minecraft:condition",
        "property": "minecraft:keybind_down",
        "keybind": "key.jump",
        "on_true": {
          "type": "minecraft:model",
          "model": "keyboard:item/keyboard/pressed_key/space"
        },
        "on_false": {
          "type": "minecraft:model",
          "model": "keyboard:item/keyboard/default_key/space"  
        }
      },

      {
        "type": "minecraft:condition",
        "property": "minecraft:keybind_down",
        "keybind": "key.sneak",
        "on_true": {
          "type": "minecraft:model",
          "model": "keyboard:item/keyboard/pressed_key/shift"
        },
        "on_false": {
          "type": "minecraft:model",
          "model": "keyboard:item/keyboard/default_key/shift"  
        }
      },

      {
        "type": "minecraft:condition",
        "property": "minecraft:keybind_down",
        "keybind": "key.sprint",
        "on_true": {
          "type": "minecraft:model",
          "model": "keyboard:item/keyboard/pressed_key/ctrl"
        },
        "on_false": {
          "type": "minecraft:model",
          "model": "keyboard:item/keyboard/default_key/ctrl"  
        }
      }
    ]
  }
}
