{
	"credit": "Made with Blockbench",
	"textures": {
		"0": "keyboard:item/keyboard/base",
		"1": "keyboard:item/keyboard/key",
		"particle": "keyboard:item/keyboard/base"
	},
	"elements": [
		{
			"from": [1.7, 2.025, 7.1],
			"to": [5.3, 2.025, 8.9],
			"rotation": {"angle": 0, "axis": "y", "origin": [3.05, 0.025, 7.1]},
			"faces": {
				"north": {"uv": [0, 0, 4, 0], "texture": "#1"},
				"east": {"uv": [0, 0, 2, 0], "texture": "#1"},
				"south": {"uv": [0, 0, 4, 0], "texture": "#1"},
				"west": {"uv": [0, 0, 2, 0], "texture": "#1"},
				"up": {"uv": [4, 6, 0, 4], "texture": "#1"},
				"down": {"uv": [8, 4, 4, 6], "texture": "#1"}
			}
		},
		{
			"from": [1.5, 1, 7],
			"to": [5.5, 2, 9],
			"rotation": {"angle": 0, "axis": "y", "origin": [7.75, 0.75, 8]},
			"faces": {
				"north": {"uv": [7, 5, 9, 5.5], "texture": "#0"},
				"east": {"uv": [10, 8, 11, 8.5], "texture": "#0"},
				"south": {"uv": [7, 6, 9, 6.5], "texture": "#0"},
				"west": {"uv": [10, 9, 11, 9.5], "texture": "#0"},
				"up": {"uv": [9, 8, 7, 7], "texture": "#0"},
				"down": {"uv": [2, 8, 0, 9], "texture": "#0"}
			}
		}
	],
	"gui_light": "front",
	"display": {
		"thirdperson_righthand": {
			"rotation": [67.75, 0, 0],
			"translation": [0, 6.25, 6.75]
		},
		"thirdperson_lefthand": {
			"rotation": [67.75, 0, 0],
			"translation": [0, 6.25, 6.75]
		},
		"firstperson_righthand": {
			"rotation": [33, -15, 10],
			"translation": [-5, 9, 1]
		},
		"firstperson_lefthand": {
			"rotation": [33, -15, 10],
			"translation": [-5, 9, 1]
		},
		"ground": {
			"translation": [0, 4.25, 0]
		},
		"gui": {
			"rotation": [54.65, -20.59, 10.27],
			"translation": [-1.5, 4, 0]
		},
		"fixed": {
			"rotation": [90, 0, -180],
			"translation": [0, 0, -7.25]
		}
	},
	"groups": [
		{
			"name": "group",
			"origin": [7.75, 0.75, 8],
			"color": 0,
			"children": [
				{
					"name": "shift",
					"origin": [7.75, 0.75, 8],
					"color": 0,
					"children": [0, 1]
				},
				{
					"name": "a",
					"origin": [7.75, 0.75, 8],
					"color": 0,
					"children": []
				},
				{
					"name": "d",
					"origin": [7.75, 0.75, 8],
					"color": 0,
					"children": []
				},
				{
					"name": "s",
					"origin": [7.75, 0.75, 8],
					"color": 0,
					"children": []
				},
				{
					"name": "w",
					"origin": [7.75, 0.75, 8],
					"color": 0,
					"children": []
				}
			]
		}
	]
}