{
	"credit": "Made with Blockbench",
	"textures": {
		"0": "keyboard:item/keyboard/base",
		"1": "keyboard:item/keyboard/key",
		"particle": "keyboard:item/keyboard/base"
	},
	"elements": [
		{
			"from": [8.5, 1, 9.5],
			"to": [14.5, 2, 11.5],
			"rotation": {"angle": 0, "axis": "y", "origin": [7.75, 0.75, 8]},
			"faces": {
				"north": {"uv": [7, 1, 10, 1.5], "texture": "#0"},
				"east": {"uv": [3, 10.5, 4, 11], "texture": "#0"},
				"south": {"uv": [7, 2, 10, 2.5], "texture": "#0"},
				"west": {"uv": [4, 10.5, 5, 11], "texture": "#0"},
				"up": {"uv": [10, 4, 7, 3], "texture": "#0"},
				"down": {"uv": [10, 4, 7, 5], "texture": "#0"}
			}
		},
		{
			"from": [8.8, 2.025, 9.6],
			"to": [14.2, 2.025, 11.4],
			"rotation": {"angle": 0, "axis": "y", "origin": [8.8, 0.025, 9.6]},
			"faces": {
				"north": {"uv": [0, 0, 6, 0], "texture": "#1"},
				"east": {"uv": [0, 0, 2, 0], "texture": "#1"},
				"south": {"uv": [0, 0, 6, 0], "texture": "#1"},
				"west": {"uv": [0, 0, 2, 0], "texture": "#1"},
				"up": {"uv": [6, 2, 0, 0], "texture": "#1"},
				"down": {"uv": [6, 2, 0, 4], "texture": "#1"}
			}
		}
	],
	"gui_light": "front",
	"display": {
		"thirdperson_righthand": {
			"rotation": [67.75, 0, 0],
			"translation": [0, 6.25, 6.75]
		},
		"thirdperson_lefthand": {
			"rotation": [67.75, 0, 0],
			"translation": [0, 6.25, 6.75]
		},
		"firstperson_righthand": {
			"rotation": [33, -15, 10],
			"translation": [-5, 9, 1]
		},
		"firstperson_lefthand": {
			"rotation": [33, -15, 10],
			"translation": [-5, 9, 1]
		},
		"ground": {
			"translation": [0, 4.25, 0]
		},
		"gui": {
			"rotation": [54.65, -20.59, 10.27],
			"translation": [-1.5, 4, 0]
		},
		"fixed": {
			"rotation": [90, 0, -180],
			"translation": [0, 0, -7.25]
		}
	},
	"groups": [
		{
			"name": "group",
			"origin": [7.75, 0.75, 8],
			"color": 0,
			"children": [
				{
					"name": "space",
					"origin": [7.75, 0.75, 8],
					"color": 0,
					"children": [0, 1]
				}
			]
		}
	]
}